Workbook

Sheet ATLETA
A1: COGNOME NOME: | G1: SESSO: | I1: COMUNE / ATLETA: | K1: RUOLO: | M1: TEST INCREMENTALE DEPTH JUMP [DJa/ DJna]
A2: DATA NASCITA: | C2: ETÀ: | D2: =TODAY()-B2 -> 46072 | E2: DATA TEST: | G2: UOMO | I2: COMUNE | K2: PALLEGGIATORE | M2: FORZA ESPLOSIVA DINAMICA MASSIMA | O2: H CADUTA | P2: ALTEZZA (cm) | T2: GCT (s) | Y2: DEPTH JUMP INCREMENTALE BL:
A3: ALTEZZA (cm): | D3: BMI: | E3: REACH 2: | G3: ASIMMETRIA GAMBA | P3: 1° REPS (cm) | Q3: 2° REPS (cm) | R3: 3° REPS (cm) | S3: BEST H (cm) | T3: 1° REPS (s) | U3: 2° REPS (s) | V3: 3° REPS (s) | W3: AVG GCT (s) | X3: BEST GCT (+ basso) (s)
A4: PESO (kg): | D4: =C4/(C3/100)^2 -> #DIV/0! | E4: REACH 1: | G4: COSICA DX | H4: COSCIA SX | I4: COSCIA DIFF | J4: COSCIA % | O4: 30 cm | S4: =MAX(P4,Q4,R4) -> 0 | W4: =AVERAGE(T4,U4,V4) -> #DIV/0! | X4: {=MIN(T4,U4,V4)} -> 0 | Y4: TEST COLLI: Inizio altezza di caduta ABK + 6 cm e incremento l'altezza di caduta fin quando l'altezza di salto raggiunta è uguale o maggiore all'ABK. ALLENAMENTO COLLI: Cadrò dalla prima altezza non "gestita" rispetto all'ABK.
A5: LUNGHEZZA GAMBA CON PIEDE ESTESO (cm): | I5: =G5-H5 -> 0 | J5: =(G5-H5)/H5 -> #DIV/0! | O5: 45 cm | S5: {=MAX(P5,Q5,R5)} -> 0 | W5: =AVERAGE(T5,U5,V5) -> #DIV/0! | X5: {=MIN(T5,U5,V5)} -> 0
A6: ALTEZZA FIANCHI DURANTE FLESSIONE SJ (cm): | O6: 60 cm | S6: {=MAX(P6,Q6,R6)} -> 0 | W6: =AVERAGE(T6,U6,V6) -> #DIV/0! | X6: {=MIN(T6,U6,V6)} -> 0
A7: BATTERIA CMJ (3 salti) | O7: 75 cm | S7: {=MAX(P7,Q7,R7)} -> 0 | W7: =AVERAGE(T7,U7,V7) -> #DIV/0! | X7: {=MIN(T7,U7,V7)} -> 0 | Y7: BOSCO: alzo l'altezza di caduta finchè miglioro l'altezza di salto. (BEST H)
A8: FORZA ESPLOSIVA ELASTICA | C8: TEST | F8: 1° REPS (cm) | G8: 2° REPS (cm) | H8: 3° REPS (cm) | I8: MEDIA (cm) | J8: BEST H (cm) | K8: CMJ + 6 cm | O8: 90 cm | S8: {=MAX(P8,Q8,R8)} -> 0 | W8: =AVERAGE(T8,U8,V8) -> #DIV/0! | X8: {=MIN(T8,U8,V8)} -> 0
C9: CMJ OPEN SQUAT NA [ABK] | I9: {=AVERAGE(F9,G9,H9)} -> #DIV/0! | J9: =MAX(F9,G9,H9) -> 0 | K9: =J9+6 -> 6 | O9: 105 cm | S9: {=MAX(P9,Q9,R9)} -> 0 | W9: =AVERAGE(T9,U9,V9) -> #DIV/0! | X9: {=MIN(T9,U9,V9)} -> 0
C10: CMJ HALF SQUAT NA [CMJ] | I10: {=AVERAGE(F10,G10,H10)} -> #DIV/0! | J10: =MAX(F10,G10,H10) -> 0 | K10: =SUM(J10,6) -> 6 | M10: TEST SQUAT JUMP INCREMENTALE [SJi]
M11: TEST SQUAT JUMP INCREMENTALE [SJi]
C12: CMJ OPEN SQUAT BL [ABK] | I12: {=AVERAGE(F12,G12,H12)} -> #DIV/0! | J12: =MAX(F12,G12,H12) -> 0 | K12: =J12+6 -> 6 | M12: FORZA ESPLOSIVA DINAMICA MASSIMA | O12: PEDANA CHRONOJUMP
C13: CMJ HALF SQUAT BL [CMJ] | I13: {=AVERAGE(F13,G13,H13)} -> #DIV/0! | J13: =MAX(F13,G13,H13) -> 0 | K13: =SUM(J13,6) -> 6 | O13: TEST | P13: % BW | Q13: CARICO (kg) | R13: REALE (kg) | S13: ALTEZZA (cm)
S14: 1° REPS (cm) | T14: 2° REPS (cm) | U14: 3° REPS (cm) | V14: AVG H (cm) | W14: BEST H (cm) | X14: SJ + 6 cm
C15: SL CMJ DX BL [slCMJright] | I15: {=AVERAGE(F15,G15,H15)} -> #DIV/0! | J15: Diff DX/SX | O15: SJ | P15: 0 | Q15: =C4*P15 -> 0 | R15: 0 | V15: =AVERAGE(S15,T15,U15) -> #DIV/0! | W15: =MAX(S15,T15,U15) -> 0 | X15: =SUM(W15,6) -> 6
C16: SL CMJ SX BL [slCMJleft] | I16: {=AVERAGE(F16,G16,H16)} -> #DIV/0! | J16: =(I15-I16)/I16 -> #DIV/0! | O16: SJi | P16: 0.25 | Q16: =C4*P16 -> 0 | V16: =AVERAGE(S16,T16,U16) -> #DIV/0! | W16: =MAX(S16,T16,U16) -> 0 | X16: =SUM(W16,6) -> 6
A17: TEST STIFFNESS BL (10 salti) | P17: 0.5 | Q17: =C4*P17 -> 0 | V17: =AVERAGE(S17,T17,U17) -> #DIV/0! | W17: =MAX(S17,T17,U17) -> 0 | X17: =SUM(W17,6) -> 6
A18: FORZA REATTIVA | C18: TEST [RJ(unlimited)] | F18: H AVG (cm) | H18: GCT AVG (s) | I18: RSI AVG (m/s) | P18: 0.75 | Q18: =C4*P18 -> 0 | V18: =AVERAGE(S18,T18,U18) -> #DIV/0! | W18: =MAX(S18,T18,U18) -> 0 | X18: =SUM(W18,6) -> 6
C19: BIPODALICO BL | P19: 1 | Q19: =C4*P19 -> 0 | V19: =AVERAGE(S19,T19,U19) -> #DIV/0! | W19: =MAX(S19,T19,U19) -> 0 | X19: =SUM(W19,6) -> 6
M21: FVP - SQUAT [VITRUVE]
A22: EUR (Eccentric Utilization Ratio) - CMJ vs SJ | F22: =(J10-W15)/W15 -> #DIV/0! | M22: FORZA MASSIMA | O22: BW % | Q22: CARICO (kg) | S22: REALE (kg) | U22: VELOCITA’ MEDIA [AVG MPV] (3 REPS) | Y22: TIME TO PEAK VELOCITY [AVG TTPV] (ms) (3 REPS)
A23: TEST VERTC (3 salti) | O23: 1 | Q23: =C4*O23 -> 0
A24: TEST | B24: ALTEZZA (cm) | O24: 1.25 | Q24: =C4*O24 -> 0
B25: 1° REPS (cm) | C25: 2° REPS (cm) | D25: 3° REPS (cm) | E25: BEST H (cm) | F25: ELEVAZIONE SAM | G25: ELEVAZIONE SDA | H25: DIFF SDA/SAM | O25: 1.45 | Q25: =C4*O25 -> 0
A26: SAM | E26: =MAX(D26,B26,C26) -> 0 | F26: =E26-F3 -> 0 | H26: =G27-F26 -> 0 | O26: 1.65 | Q26: =C4*O26 -> 0
A27: SDA | E27: =MAX(D27,B27,C27) -> 0 | G27: =E27-F4 -> 0 | O27: 1.85 | Q27: =C4*O27 -> 0
O28: STIMA 1RM VITRUVE | Y28: 1RM/BW | AA28: =U28/C4 -> #DIV/0!
A29: BL: Braccia Libere NA: No Arms | C29: BMI ≤ 18,5 = SOTTOPESO/ 18,5 - 24,9 = NORMOPESO/ 24,9 - 29,9 = SOVRAPPESO/ 29,9 - 34,9 = OBESO 1°/ ≥ 35 = OBESO 2°

Sheet SJi BW - COLLI
A1: DEFICIT FORZA DINAMICA MASSIMA
B3: -0.67 | C3: 1 | H3: {=SLOPE(I8:I9,H8:H9)} -> -0.42 | I3: {=INTERCEPT(I8:I9,H8:H9)} -> 1 | L3: 0.46 | M3: {=4.425*L3^0.5} -> 3.001181
B5: PESO | C5: ExtraBW | D5: h SJ 0kg | E5: Vv 0kg | F5: Tvolo 0kg
B6: =ATLETA!C4 -> 0 | C6: 0 | D6: =ATLETA!W15 -> 0 | E6: {=4.425*(D6*0.01)^0.5} -> 0 | F6: {=(D6/122.5)^0.5} -> 0 | J6: Vv jump | K6: Hjum | L6: Tvolo | R6: all bip pre | S6: 0.362 | T6: 0.178 | U6: {=T6/S6} -> 0.49171271
B7: Ebw | C7: %HSj | H7: Ebw | I7: %VvSj | J7: 2.7 | K7: {=5.1*J7^2} -> 37.179 | L7: {=J7/4.9} -> 0.55102041 | R7: all bip post | S7: 0.37619048 | T7: 0.24357143 | U7: {=T7/S7} -> 0.64746835
B8: 0 | C8: 1 | H8: 0 | I8: 1 | U8: {=T8/S8} -> #DIV/0!
A9: EFF | B9: {=C6/B6} -> #DIV/0! | C9: {=D10} -> #DIV/0! | D9: 16.22 | E9: {=4.425*(D9*0.01)^0.5} -> 1.7821272 | F9: {=(D9/122.5)^0.5} -> 0.36387933 | H9: 1 | I9: 0.58 | J9: h jump SJBW | R9: all monop pre | S9: 0.35875 | T9: 0.179 | U9: {=T9/S9} -> 0.4989547
D10: {=D9/D6} -> #DIV/0! | E10: {=E9/E6} -> #DIV/0! | F10: {=F9/F6} -> #DIV/0! | R10: all mon post | S10: 0.36 | T10: 0.221 | U10: {=T10/S10} -> 0.61388889
A11: teorico | B11: {=B9} -> #DIV/0! | C11: {=B3*B9+1} -> #DIV/0! | D11: {=D$6*C11} -> #DIV/0! | E11: {=4.425*(D11*0.01)^0.5} -> #DIV/0! | F11: {=(D11/122.5)^0.5} -> #DIV/0! | H11: %Ebw | I11: % di Vv | J11: VV SJ %bw | K11: Vv | L11: Tv
D12: {=D11/D6} -> #DIV/0! | E12: {=E11/E6} -> #DIV/0! | F12: {=F11/F6} -> #DIV/0!
B14: %Ebw | C14: % di SJ | D14: h SJ %bw | E14: Vv | F14: Tv | H14: 0.1 | I14: {=H$3*H14+I$3} -> 0.958 | J14: {=J$7*I14} -> 2.5866 | K14: {=5.1*J14^2} -> 34.121548 | L14: {=J14/4.9} -> 0.52787755
B15: 0.1 | C15: {=B$3*B15+C$3} -> 0.933 | D15: {=D$6*C15} -> 0 | E15: {=4.425*(D15*0.01)^0.5} -> 0 | F15: {=E15/4.9} -> 0 | H15: 0.2 | I15: {=H$3*H15+I$3} -> 0.916 | J15: {=J$7*I15} -> 2.4732 | K15: {=5.1*J15^2} -> 31.195263 | L15: {=J15/4.9} -> 0.50473469
B16: 0.2 | C16: {=B$3*B16+C$3} -> 0.866 | D16: {=D$6*C16} -> 0 | E16: {=4.425*(D16*0.01)^0.5} -> 0 | F16: {=E16/4.9} -> 0 | H16: 0.33 | I16: {=H$3*H16+I$3} -> 0.8614 | J16: {=J$7*I16} -> 2.32578 | K16: {=5.1*J16^2} -> 27.587188 | L16: {=J16/4.9} -> 0.47464898
B17: 0.3 | C17: {=B$3*B17+C$3} -> 0.799 | D17: {=D$6*C17} -> 0 | E17: {=4.425*(D17*0.01)^0.5} -> 0 | F17: {=E17/4.9} -> 0 | H17: 0.4 | I17: {=H$3*H17+I$3} -> 0.832 | J17: {=J$7*I17} -> 2.2464 | K17: {=5.1*J17^2} -> 25.736196 | L17: {=J17/4.9} -> 0.45844898
B18: 0.4 | C18: {=B$3*B18+C$3} -> 0.732 | D18: {=D$6*C18} -> 0 | E18: {=4.425*(D18*0.01)^0.5} -> 0 | F18: {=E18/4.9} -> 0 | H18: 0.5 | I18: {=H$3*H18+I$3} -> 0.79 | J18: {=J$7*I18} -> 2.133 | K18: {=5.1*J18^2} -> 23.203414 | L18: {=J18/4.9} -> 0.43530612
B19: 0.5 | C19: {=B$3*B19+C$3} -> 0.665 | D19: {=D$6*C19} -> 0 | E19: {=4.425*(D19*0.01)^0.5} -> 0 | F19: {=E19/4.9} -> 0 | H19: 0.6 | I19: {=H$3*H19+I$3} -> 0.748 | J19: {=J$7*I19} -> 2.0196 | K19: {=5.1*J19^2} -> 20.801799 | L19: {=J19/4.9} -> 0.41216327
B20: 0.6 | C20: {=B$3*B20+C$3} -> 0.598 | D20: {=D$6*C20} -> 0 | E20: {=4.425*(D20*0.01)^0.5} -> 0 | F20: {=E20/4.9} -> 0 | H20: 0.7 | I20: {=H$3*H20+I$3} -> 0.706 | J20: {=J$7*I20} -> 1.9062 | K20: {=5.1*J20^2} -> 18.531352 | L20: {=J20/4.9} -> 0.38902041 | P20: {=4.42*0.155^0.5} -> 1.7401557 | Q20: {=P20/3} -> 0.58005191
B21: 0.7 | C21: {=B$3*B21+C$3} -> 0.531 | D21: {=D$6*C21} -> 0 | E21: {=4.425*(D21*0.01)^0.5} -> 0 | F21: {=E21/4.9} -> 0 | H21: 0.8 | I21: {=H$3*H21+I$3} -> 0.664 | J21: {=J$7*I21} -> 1.7928 | K21: {=5.1*J21^2} -> 16.392072 | L21: {=J21/4.9} -> 0.36587755
B22: 0.8 | C22: {=B$3*B22+C$3} -> 0.464 | D22: {=D$6*C22} -> 0 | E22: {=4.425*(D22*0.01)^0.5} -> 0 | F22: {=E22/4.9} -> 0 | H22: 0.9 | I22: {=H$3*H22+I$3} -> 0.622 | J22: {=J$7*I22} -> 1.6794 | K22: {=5.1*J22^2} -> 14.38396 | L22: {=J22/4.9} -> 0.34273469
B23: 0.9 | C23: {=B$3*B23+C$3} -> 0.397 | D23: {=D$6*C23} -> 0 | E23: {=4.425*(D23*0.01)^0.5} -> 0 | F23: {=E23/4.9} -> 0 | H23: 1 | I23: {=H$3*H23+I$3} -> 0.58 | J23: {=J$7*I23} -> 1.566 | K23: {=5.1*J23^2} -> 12.507016 | L23: {=J23/4.9} -> 0.31959184
B24: 1 | C24: {=B$3*B24+C$3} -> 0.33 | D24: {=D$6*C24} -> 0 | E24: {=4.425*(D24*0.01)^0.5} -> 0 | F24: {=E24/4.9} -> 0
B25: {=B9} -> #DIV/0! | C25: {=B$3*B25+C$3} -> #DIV/0! | D25: {=D$6*C25} -> #DIV/0! | E25: {=4.425*(D25*0.01)^0.5} -> #DIV/0! | F25: {=E25/4.9} -> #DIV/0!
S26: PASSWORD BLOCCO FOGLIO: 2BW
C28: {=30/91} -> 0.32967033

Sheet FVP profile - MORIN
A1: Date | B1: =ATLETA!F2 -> 0 | S1: BACK OFFICE DON'T MODIFY
A2: Time | D2: NAME | E2: =ATLETA!E1 -> 0 | G2: Body Mass (kg) : | I2: =ATLETA!C4 -> 0 | K2: Nel caso in cui non avessi tutti i dati perché l'atleta non è riuscit° a completare tutta la progressione, sblocca il foglio ed elimina i dati relativi alla F (N) e V (m.s-1), correlati alla percentuale di peso non ultimata.
G3: Lower limb length (m) : | I3: =ATLETA!E5/100 -> 0
D4: Firstname | E4: =ATLETA!C1 -> 0 | G4: Initial height Hi (m) : | I4: =ATLETA!E6/100 -> 0 | S4: alpha | T4: 30 | U4: =9.81*SIN(RADIANS(T4)) -> 4.905
G5: Push-off distance Hpo (m) : | I5: =I3-I4 -> 0
S6: X | T6: pente OPT | U6: pente (% PenteOPT) | W6: relation fv opt avec mm Pmax | Z6: b (F0) | AA6: V0
A7: Condition (% BW) | B7: Additional Mass (kg) | C7: Total Mass (kg) | D7: H Trial1 (m) | E7: H Trial2 (m) | F7: H Trial3 (m) | G7: Hmax (m) | H7: F (N) | I7: V (m.s-1) | J7: P (W) | K7: r² | L7: =RSQ(H8:H13,I8:I13) -> #DIV/0! | S7: =(-($U$4^6)*$I$5^6-18*$U$4^3*$I$5^5*$L$15^2-54*$I$5^4*$L$15^4+6*SQRT(3)*SQRT(2*$U$4^3*$I$5^9*$L$15^6+27*$I$5^8*$L$15^8))^(1/3) -> #DIV/0! | T7: =-($U$4^2/(3*$L$15))-(-($U$4^4)*$I$5^4-12*$U$4*$I$5^3*$L$15^2)/(3*$I$5^2*$L$15*$S$7)+$S$7/(3*$I$5^2*$L$15) -> #DIV/0! | U7: =L12/T7 -> #DIV/0! | W7: y=ax+b | Z7: =2*SQRT(-L15*T7) -> #DIV/0! | AA7: =4*L15/Z7 -> #DIV/0!
A8: =ATLETA!P15 -> 0 | B8: =ATLETA!R15 -> 0 | C8: =B8+$I$2 -> 0 | D8: =ATLETA!S15/100 -> 0 | E8: =ATLETA!T15/100 -> 0 | F8: =ATLETA!U15/100 -> 0 | G8: =MAX(D8:F8) -> 0 | H8: =C8*9.81*((G8/$I$5)+1) -> #DIV/0! | I8: =SQRT((9.81*G8)/2) -> 0 | J8: =I8*H8 -> #DIV/0! | K8: r | L8: =CORREL(H8:H13,I8:I13) -> #DIV/0! | W8: 2 points | X8: x | Y8: y
A9: =ATLETA!P16 -> 0.25 | B9: =ATLETA!R16 -> 0 | C9: =B9+$I$2 -> 0 | D9: =ATLETA!S16/100 -> 0 | E9: =ATLETA!T16/100 -> 0 | F9: =ATLETA!U16/100 -> 0 | G9: =MAX(D9:F9) -> 0 | H9: =C9*9.81*((G9/$I$5)+1) -> #DIV/0! | I9: =SQRT((9.81*G9)/2) -> 0 | J9: =I9*H9 -> #DIV/0! | K9: Fo (N) | L9: =INTERCEPT(H8:H13,I8:I13) -> #DIV/0! | X9: 0 | Y9: =($T$7*X9+$Z$7)*$I$2/I2 -> #DIV/0!
A10: =ATLETA!P17 -> 0.5 | B10: =ATLETA!R17 -> 0 | C10: =B10+$I$2 -> 0 | D10: =ATLETA!S17/100 -> 0 | E10: =ATLETA!T17/100 -> 0 | F10: =ATLETA!U17/100 -> 0 | G10: =MAX(D10:F10) -> 0 | H10: =C10*9.81*((G10/$I$5)+1) -> #DIV/0! | I10: =SQRT((9.81*G10)/2) -> 0 | J10: =I10*H10 -> #DIV/0! | K10: Fo (N/kg) | L10: =L9/I2 -> #DIV/0! | X10: =AA7 -> #DIV/0! | Y10: =($T$7*X10+$Z$7)*$I$2 -> #DIV/0!
A11: =ATLETA!P18 -> 0.75 | B11: =ATLETA!R18 -> 0 | C11: =B11+$I$2 -> 0 | D11: =ATLETA!S18/100 -> 0 | E11: =ATLETA!T18/100 -> 0 | F11: =ATLETA!U18/100 -> 0 | G11: =MAX(D11:F11) -> 0 | H11: =C11*9.81*((G11/$I$5)+1) -> #DIV/0! | I11: =SQRT((9.81*G11)/2) -> 0 | J11: =I11*H11 -> #DIV/0! | K11: Sfv (N.s/m) | L11: =SLOPE(H8:H13,I8:I13) -> #DIV/0!
A12: =ATLETA!P19 -> 1 | B12: =ATLETA!R19 -> 0 | C12: =B12+$I$2 -> 0 | D12: =ATLETA!S19/100 -> 0 | E12: =ATLETA!T19/100 -> 0 | F12: =ATLETA!U19/100 -> 0 | G12: =MAX(D12:F12) -> 0 | H12: =C12*9.81*((G12/$I$5)+1) -> #DIV/0! | I12: =SQRT((9.81*G12)/2) -> 0 | J12: =I12*H12 -> #DIV/0! | K12: Sfv (N.s/m/kg) | L12: =L11/I2 -> #DIV/0!
K13: Vo (m/s) | L13: =-L9/L11 -> #DIV/0! | S13: alpha | T13: 90 | U13: =9.81*SIN(RADIANS(T13)) -> 9.81
K14: Pmax (W) | L14: =(L9*L13)/4 -> #DIV/0!
K15: Pmax (W/kg) | L15: =L14/I2 -> #DIV/0! | S15: X | T15: pente OPT | U15: pente (% PenteOPT) | W15: relation fv opt avec mm Pmax | Z15: b (F0) | AA15: V0
A16: =I2 -> 0 | K16: Sfv opt (N.s/m/kg) | L16: =T16 -> #DIV/0! | S16: =(-($U$13^6)*$I$5^6-18*$U$13^3*$I$5^5*$L$15^2-54*$I$5^4*$L$15^4+6*SQRT(3)*SQRT(2*$U$13^3*$I$5^9*$L$15^6+27*$I$5^8*$L$15^8))^(1/3) -> #DIV/0! | T16: =-($U$13^2/(3*$L$15))-(-($U$13^4)*$I$5^4-12*$U$13*$I$5^3*$L$15^2)/(3*$I$5^2*$L$15*$S$16)+$S$16/(3*$I$5^2*$L$15) -> #DIV/0! | U16: =L12/T16 -> #DIV/0! | W16: y=ax+b | Z16: =2*SQRT(-L15*T16) -> #DIV/0! | AA16: =4*L15/Z16 -> #DIV/0!
D17: =K10 -> Fo (N/kg) | F17: =L10 -> #DIV/0! | W17: 2 points | X17: x | Y17: y
X18: 0 | Y18: =($T$16*X18+$Z$16)*$I$2/I2 -> #DIV/0!
D19: =K13 -> Vo (m/s) | F19: =L13 -> #DIV/0! | X19: =AA16 -> #DIV/0! | Y19: =($T$16*X19+$Z$16)*$I$2 -> #DIV/0!
D21: =K15 -> Pmax (W/kg) | F21: =L15 -> #DIV/0!
D23: =K12 -> Sfv (N.s/m/kg) | F23: =L12 -> #DIV/0! | X23: x | Y23: y
X24: 0 | Y24: =L9/I2 -> #DIV/0!
F25: F-v Profile for 30° = | X25: =L13 -> #DIV/0! | Y25: 0
F27: =U7 -> #DIV/0!
F29: of the optimal
F31: =IF(F27<1,"FORCE is to be developped","VELOCITY is to be developped") -> #DIV/0!
F34: F-v Profile for 90° =
F36: =U16 -> #DIV/0!
F38: of the optimal
F40: =IF(F36<1,"FORCE is to be developped","VELOCITY is to be developped") -> #DIV/0!

Sheet TABELLE NORMATIVE
A1: CMJ - Countermovemt Jump | G1: LSI - LIMB SYMMETRY INDEX
A2: LIVELLO | B2: COMUNE | D2: ATLETI | G2: Simmetria Ottimale | I2: >5%
B3: Uomo | C3: Donna | D3: Uomo | E3: Donna | G3: Simmetria Moderata | I3: 5% < x < 10%
A4: Eccellente | B4: >50 cm | C4: >40 cm | D4: >65 cm | E4: >55 cm | G4: Non Simmetrico | I4: <10%
A5: Sopra la Media | B5: 44 - 49,9 cm | C5: 34 - 39,9 cm | D5: 58 - 64,9 cm | E5: 48 - 54,9 cm
A6: Nella Media | B6: 38 - 43,9 cm | C6: 28 - 33,9 cm | D6: 52 - 57,9 cm | E6: 42 - 47,9 cm
A7: Sotto la Media | B7: 32 - 37,9 cm | C7: 22 - 27,9 cm | D7: 46 - 51,9 cm | E7: 36 - 41,9 cm | G7: AVG MPV a vari angoli
A8: Molto Basso | B8: <31,9 cm | C8: <21,9 cm | D8: <45,9 cm | E8: <35,9 cm | G8: Carico | H8: Squat Parallelo | I8: Mezzo Squat
G9: 40% 1RM | H9: 0.88 ± 0.06 m/s | I9: 0.77 ± 0.07 m/s
G10: 50% 1RM | H10: 0.78 ± 0.06 m/s | I10: 0.68 ± 0.06 m/s
A11: SJ - Squat Jump | G11: 60% 1RM | H11: 0.69 ± 0.06 m/s | I11: 0.59 ± 0.06 m/s
A12: LIVELLO | B12: COMUNE | D12: ATLETI | G12: 70% 1RM | H12: 0.59 ± 0.05 m/s | I12: 0.51 ± 0.05 m/s
B13: Uomo | C13: Donna | D13: Uomo | E13: Donna | G13: 80% 1RM | H13: 0.50 ± 0.05 m/s | I13: 0.43 ± 0.05 m/s
A14: Eccellente | B14: >40 cm | C14: >35 cm | D14: >55 cm | E14: >45 cm | G14: 90% 1RM | H14: 0.40 ± 0.04 m/s | I14: 0.36 ± 0.04 m/s
A15: Sopra la Media | B15: 34 - 39,9 cm | C15: 32 - 34,9 cm | D15: 48 - 54,9 cm | E15: 38 - 44,9 cm | G15: 100% 1RM | H15: 0.30 ± 0.04 m/s | I15: 0.30 ± 0.04 m/s
A16: Nella Media | B16: 28 - 33,9 cm | C16: 26 - 31,9 cm | D16: 40 - 47,9 cm | E16: 32 - 37,9 cm
A17: Sotto la Media | B17: 22 - 27,9 cm | C17: 20 - 25,9 cm | D17: 34 - 39,9 cm | E17: 26 - 31,9 cm
A18: Molto Basso | B18: <21,9 cm | C18: <19,9 cm | D18: <33,9 cm | E18: <25,9 cm
A21: AVG Fmax per discipline
A22: TEST | B22: BACK SQUAT (1RM)
A23: DISCIPLINA | B23: Sport di SITUAZIONE | C23: Sport di FORZA | D23: Sport di RESISTENZA
A24: Uomo | B24: 1.6 - 2.0 | C24: 2.0 - 2.4 | D24: 1.2 - 1.4
A25: Donna | B25: 1.2 - 1.6 | C25: 1.6 - 1.8 | D25: 0.8 - 1.0
